{
    "name": "compendio_impulso",
    "title": "Compendio actores Sistema Impulso 1ºed",
    "description": "A module containing the exported Compendio actores Sistema Impulso 1ºed compendium.",
    "version": "1.0.0",
    "library": "false",
    "manifestPlusVersion": "1.0.0",
    "minimumCoreVersion": "9",
    "compatibleCoreVersion": "9",
    "author": "Luvero",
    "packs": [
        {
            "type": "Actor",
            "label": "Actualidad",
            "module": "compendio_impulso",
            "path": "packs/world-actualidad-1647095162488.db",
            "name": "world-actualidad-1647095162488"
        },
        {
            "type": "Actor",
            "label": "Oficial - Expediente Annukani",
            "module": "compendio_impulso",
            "path": "packs/world-oficial-expediente-annukani-1647095162488.db",
            "name": "world-oficial-expediente-annukani-1647095162488"
        },
        {
            "type": "Actor",
            "label": "Oficial - Sección oculta",
            "module": "compendio_impulso",
            "path": "packs/world-oficial-seccion-oculta-1647095162488.db",
            "name": "world-oficial-seccion-oculta-1647095162488"
        },
        {
            "type": "Actor",
            "label": "Oficial - Raven city",
            "module": "compendio_impulso",
            "path": "packs/world-oficial-raven-city-1647095162488.db",
            "name": "world-oficial-raven-city-1647095162488"
        },
        {
            "type": "Actor",
            "label": "Taller de creación",
            "module": "compendio_impulso",
            "path": "packs/world-taller-de-creacion-1647095162488.db",
            "name": "world-taller-de-creacion-1647095162488"
        },
        {
            "type": "Actor",
            "label": "Mundodisco",
            "module": "compendio_impulso",
            "path": "packs/world-mundodisco-1647095162488.db",
            "name": "world-mundodisco-1647095162488"
        },
        {
            "type": "Actor",
            "label": "Medieval",
            "module": "compendio_impulso",
            "path": "packs/world-medieval-1647095162488.db",
            "name": "world-medieval-1647095162488"
        },
        {
            "type": "Actor",
            "label": "Lovecraftiano",
            "module": "compendio_impulso",
            "path": "packs/world-lovecraftiano-1647095162488.db",
            "name": "world-lovecraftiano-1647095162488"
        },
        {
            "type": "Actor",
            "label": "For all makind",
            "module": "compendio_impulso",
            "path": "packs/world-for-all-makind-1647095162488.db",
            "name": "world-for-all-makind-1647095162488"
        },
        {
            "type": "Actor",
            "label": "Ciencia ficción",
            "module": "compendio_impulso",
            "path": "packs/world-ciencia-ficcion-1647095162488.db",
            "name": "world-ciencia-ficcion-1647095162488"
        }
    ],
    "manifest": "",
    "download": ""
}